Activity_Session,Time_Period,Label
"Virtual Machine, Cisco, Video Editor",Siang,1
"Drive Ram, Microsoft Software, Drive Monitor, GNS3, Music player",Siang,0
"Music player, Defender, Drive Gpu, Microsoft Office",Pagi,0
"Virtual Machine, Drive Monitor, Microsoft Office, Drive Gpu",Malam,0
"Game, Music player, Microsoft Software, Drive Gpu, File Manager, Microsoft Office, Left 4 dead, Fire fox",Pagi,1
"Game, Video Editor, Left 4 dead",Pagi,1
"Drive Gpu, Fire fox, File Manager, Cisco, Setting, Game",Malam,0
"Video player, Chrome, Cisco",Siang,0
"Drive Ram, Chrome, Defender, Microsoft Software, Drive OS, IDE Programming, Video Editor, Game",Siang,1
"Video player, Foto Editor, Fire fox, Music player, GNS3",Malam,0
"Drive Monitor, Drive Ram, Game, Microsoft Software, Music player, Chrome, Fire fox, Video player",Pagi,1
"Fire wall, Drive Gpu, Foto Editor, Left 4 dead, Setting, Drive Monitor",Siang,0
"Left 4 dead, Game, Setting",Pagi,0
"Game, Video Editor, Left 4 dead",Pagi,1
"Foto Editor, Virtual Machine, Video player, Chrome, Microsoft Office, Video Editor",Siang,1
"Microsoft Office, Firewall, Cisco",Malam,1
"Setting, Virtual Machine, GNS3, Video player",Malam,0
"File Manager, Game, Left 4 dead, Drive OS, Virtual Machine, Setting",Siang,0
"Fire fox, Foto Editor, Drive Disk, Music player, Microsoft Office, GNS3",Pagi,0
"Music player, Microsoft Software, Virtual Machine, Foto Editor, IDE Programming",Siang,0
"Drive Disk, Drive Monitor, Setting",Siang,0
"Game, Drive Gpu, Left 4 dead, Microsoft Software, Music player, Fire wall, Drive OS, GNS3",Pagi,1
"Drive Ram, Cisco, Drive OS, File Manager, Video player, Drive Gpu",Siang,0
"Game, Video Editor, Left 4 dead",Pagi,1
"Drive Monitor, IDE Programming, Defender, Video player, Microsoft Office, Left 4 dead, Game, Microsoft Software",Pagi,1
"Music player, Cisco, Fire wall, IDE Programming",Pagi,0
"Game, Video Editor, Left 4 dead",Pagi,1
"Drive Ram, Chrome, Drive Monitor, Drive Gpu",Pagi,0
"File Manager, Microsoft Software, Video player",Siang,1
"Game, Chrome, Drive Ram, Music player",Pagi,0
"GNS3, Microsoft Software, Music player, Virtual Machine",Pagi,0
"Game, Video Editor, Left 4 dead",Pagi,1
"Game, Video Editor, Left 4 dead",Pagi,1
"Virtual Machine, Drive Gpu, Drive Ram, Video Editor, Game, IDE Programming, Chrome, Foto Editor",Pagi,1
"GNS3, Chrome, Video Editor, Game, Defender, Cisco, Setting, Drive Ram",Siang,1
"Game, Video Editor, Left 4 dead",Pagi,1
"File Manager, Video player, Drive Monitor",Pagi,0
"Fire wall, Fire fox, Drive Ram, Setting, Defender, Video Editor",Pagi,0
"Drive Monitor, Music player, Cisco, IDE Programming, Game",Siang,0
"Game, Video Editor, Left 4 dead",Pagi,1
"Setting, Fire wall, Left 4 dead, Virtual Machine, File Manager, Microsoft Software, Drive Gpu, Chrome",Malam,1
"Fire wall, File Manager, Video Editor, Setting, Microsoft Office, Drive Gpu",Pagi,0
"Drive OS, Microsoft Software, Foto Editor, Left 4 dead, Drive Gpu, Drive Ram",Siang,0
"Drive Monitor, Game, Cisco, Fire wall, Drive Ram, Drive Gpu",Siang,0
"Cisco, Music player, Left 4 dead, Drive Gpu",Malam,0
"Foto Editor, Drive Monitor, Fire fox, Chrome, IDE Programming, Setting, Microsoft Software, Fire wall",Malam,1
"Foto Editor, Virtual Machine, Fire fox, File Manager, GNS3",Siang,1
"Drive OS, Video Editor, Music player",Malam,0
"Fire fox, Chrome, Microsoft Software, Left 4 dead, Microsoft Office, Drive Disk, Defender, File Manager",Siang,1
"Virtual Machine, Microsoft Office, Foto Editor, Drive Gpu",Pagi,0
"Microsoft Software, Cisco, Drive Monitor, Foto Editor, Fire wall",Siang,1
"Microsoft Office, Firewall, Cisco",Malam,1
"Microsoft Software, Foto Editor, Drive OS, File Manager, Fire wall, Drive Ram, Drive Disk, Virtual Machine",Siang,1
"Drive Monitor, Video player, Virtual Machine, Microsoft Office, Left 4 dead, GNS3, Drive Ram, Fire fox",Malam,1
"Game, Fire fox, Drive OS",Pagi,0
"Game, Drive Disk, Left 4 dead",Malam,0
"Game, Drive Monitor, Defender, Microsoft Software, Chrome",Siang,0
"File Manager, Chrome, Video player",Siang,0
"GNS3, Video player, Drive Gpu, Setting, Virtual Machine",Siang,0
"Fire wall, Game, Drive Ram, File Manager",Malam,0
"Drive Gpu, Game, Fire wall, Left 4 dead, Drive OS, Cisco",Pagi,0
"Microsoft Office, Firewall, Cisco",Malam,1
"Microsoft Office, Firewall, Cisco",Malam,1
"Drive Monitor, Drive Disk, Virtual Machine, Game, File Manager, Fire fox, Microsoft Office, Video player",Pagi,1
"Drive Ram, Music player, IDE Programming, Virtual Machine, Chrome, Left 4 dead, GNS3, Fire wall",Siang,1
"Drive Ram, Left 4 dead, IDE Programming, Fire fox, Drive OS",Pagi,0
"Drive Ram, File Manager, Left 4 dead, Music player",Pagi,0
"Microsoft Office, Firewall, Cisco",Malam,1
"Chrome, Microsoft Office, Drive OS, Video Editor, Virtual Machine, IDE Programming",Malam,0
"Drive Disk, Video Editor, Defender, File Manager, Setting, Music player, Chrome, Drive Gpu",Siang,1
"File Manager, Microsoft Software, Cisco, Fire wall, Chrome",Malam,0
"GNS3, File Manager, Setting, Microsoft Office, Drive OS",Siang,0
"GNS3, Video Editor, Chrome, Foto Editor, Left 4 dead, Drive Gpu",Siang,0
"Drive Ram, Video player, Game, Virtual Machine",Malam,0
"File Manager, Setting, Drive Ram, Music player, Microsoft Office, Cisco, Video Editor, Left 4 dead",Siang,1
"File Manager, Fire wall, Drive OS",Siang,0
"Chrome, Fire wall, Cisco",Pagi,0
"Virtual Machine, Microsoft Software, Chrome, Video Editor, Cisco, Defender, Microsoft Office, GNS3",Pagi,1
"Game, Defender, Video player, Chrome",Pagi,0
"Video player, Drive Disk, Game, Drive Ram, Microsoft Office, Virtual Machine",Siang,1
"Virtual Machine, Setting, Drive Gpu, Drive OS, Chrome, Microsoft Software",Malam,0
"Drive Monitor, Virtual Machine, Microsoft Software, Video Editor, File Manager, Video player, Fire fox, Drive Disk",Pagi,1
"Virtual Machine, Game, Music player, IDE Programming, Video player, Drive Disk, Foto Editor, Microsoft Office",Siang,1
"File Manager, IDE Programming, Cisco, Fire fox",Malam,0
"File Manager, Game, Microsoft Office, Drive Disk, Drive Ram, Microsoft Software",Siang,0
"Microsoft Office, Drive Ram, Game, Fire fox, Fire wall",Siang,0
"Fire fox, Defender, Virtual Machine, Drive Gpu, Video player, Music player, Microsoft Office, Video Editor",Siang,1
"Game, Drive Ram, Drive Gpu, GNS3, Foto Editor, Drive Monitor, Fire fox, Chrome",Siang,1
"Chrome, File Manager, Drive OS",Siang,0
"File Manager, Fire wall, Video Editor, Drive Gpu, Defender, Chrome",Malam,0
"GNS3, Defender, Game, Video player, File Manager, Drive OS, IDE Programming, Left 4 dead",Siang,1
"Fire wall, Drive Monitor, Chrome, File Manager",Siang,0
"Game, Video Editor, Left 4 dead",Pagi,1
"Chrome, Drive Ram, Drive OS, IDE Programming, Virtual Machine, Video player",Pagi,0
"Game, Video Editor, Left 4 dead",Pagi,1
"Cisco, Video player, Drive Disk, Drive Ram, Drive OS",Siang,0
"Video player, Foto Editor, Drive OS, Cisco, Left 4 dead, Music player, Virtual Machine, Fire fox",Siang,1
"Microsoft Office, Firewall, Cisco",Malam,1
"IDE Programming, Left 4 dead, Defender, Drive Disk, Virtual Machine, Cisco",Siang,1
"GNS3, Music player, Drive Disk",Malam,0
"Video Editor, Chrome, Setting",Siang,1
"Chrome, Video Editor, Cisco, Drive Gpu",Siang,1
"Microsoft Software, Game, Chrome, Defender, Cisco",Malam,0
"Game, Video Editor, Left 4 dead",Pagi,1
"Defender, Drive Ram, Fire fox, Video Editor",Pagi,0
"Microsoft Office, Firewall, Cisco",Malam,1
"Setting, Video player, GNS3, Fire fox, Cisco",Pagi,0
"Drive Ram, GNS3, Drive Gpu, Video Editor",Siang,0
"Drive OS, Drive Gpu, Fire fox",Siang,0
"Video Editor, Fire fox, Foto Editor",Malam,0
"Drive OS, IDE Programming, Drive Monitor",Pagi,0
"Music player, Defender, Foto Editor, Chrome, File Manager",Siang,0
"Fire wall, Drive Gpu, Microsoft Software, Game, Setting, Cisco, Foto Editor, File Manager",Siang,1
"Fire wall, Drive Gpu, Left 4 dead, Fire fox, Game, GNS3, Foto Editor, Drive Monitor",Pagi,1
"Microsoft Software, Drive OS, Drive Disk, Cisco, Video Editor, Defender",Pagi,0
"Game, Drive OS, Foto Editor, Virtual Machine, Cisco",Pagi,0
"Setting, Drive Monitor, Game, Music player, Video Editor, Virtual Machine",Pagi,0
"Cisco, Setting, Virtual Machine, Drive Disk, Video Editor, Left 4 dead",Siang,0
"Defender, Microsoft Office, Video player, Fire fox, File Manager, Virtual Machine, Chrome, Microsoft Software",Pagi,1
"IDE Programming, Drive OS, Drive Monitor, Microsoft Software, Virtual Machine, GNS3, Fire fox, File Manager",Pagi,1
"Video player, Drive Disk, Fire wall, Drive Monitor, Left 4 dead, File Manager, IDE Programming, GNS3",Malam,1
"Setting, Virtual Machine, Video Editor, Fire fox, Drive Disk, File Manager, Defender, Microsoft Office",Pagi,1
"Fire fox, Setting, Defender, Drive Monitor, Cisco",Siang,0
"GNS3, File Manager, Cisco, Video player",Pagi,0
"Drive OS, Foto Editor, Left 4 dead, Setting, GNS3, Video Editor, Drive Monitor, Fire wall",Siang,1
"Setting, Drive Disk, Game, Video Editor, Fire fox",Pagi,0
"Video Editor, Music player, GNS3",Malam,0
"Drive Disk, Drive OS, Video Editor, Defender",Siang,0
"Drive Monitor, IDE Programming, File Manager, Virtual Machine, Drive Disk, Chrome, Fire fox, Setting",Siang,1
"GNS3, Drive Ram, Video Editor, Drive Disk, Video player, IDE Programming",Pagi,0
"Defender, Fire wall, Drive Monitor, Microsoft Software",Malam,0
"Foto Editor, Drive OS, Microsoft Software, Cisco",Siang,1
"Defender, Drive Monitor, IDE Programming, Cisco, Microsoft Office, Virtual Machine, Drive OS, Foto Editor",Siang,1
"Setting, Foto Editor, Drive Disk, Fire fox, Drive Monitor, Drive OS",Pagi,0
"Cisco, File Manager, Drive Disk, Game, Chrome",Siang,1
"Fire fox, Cisco, Microsoft Software, Foto Editor, Virtual Machine, Drive Monitor, GNS3, File Manager",Siang,1
"File Manager, GNS3, Cisco, Video Editor, Microsoft Software",Malam,0
"Game, Video Editor, Left 4 dead",Pagi,1
"Fire wall, Left 4 dead, Video player, Fire fox",Malam,0
"Music player, Chrome, Foto Editor, Microsoft Software, Left 4 dead, GNS3, Drive Ram, Video Editor",Siang,1
"Microsoft Office, Firewall, Cisco",Malam,1
"Cisco, Virtual Machine, Video Editor, Microsoft Office, GNS3, Drive Ram",Siang,0
"GNS3, Drive OS, IDE Programming, Foto Editor, Video Editor, Game, Setting, Drive Disk",Malam,1
"Video Editor, IDE Programming, Defender, Microsoft Office",Siang,0
"Drive OS, Defender, Drive Ram, Virtual Machine, Left 4 dead, Music player, Microsoft Office, Fire wall",Pagi,1
"Virtual Machine, Setting, Cisco",Siang,1
"Drive Disk, Game, IDE Programming, Chrome, File Manager",Siang,0
"IDE Programming, Fire fox, Left 4 dead",Malam,0
"Defender, Foto Editor, Drive Disk, Drive Monitor",Siang,1
"Foto Editor, Left 4 dead, Defender, GNS3, Setting, Video player, Fire wall, Video Editor",Malam,1
"Drive Ram, Drive Gpu, Microsoft Office",Pagi,0
"Setting, Virtual Machine, GNS3, Fire wall",Pagi,0
"Microsoft Office, Chrome, Drive Gpu, Left 4 dead, File Manager, Music player",Pagi,0
"File Manager, Fire fox, Music player, Defender, Drive Monitor, Microsoft Software, Setting, Drive Disk",Malam,1
"Microsoft Office, Fire wall, Defender, Microsoft Software",Siang,1
"Game, Video Editor, Left 4 dead",Pagi,1
"File Manager, Drive Gpu, Drive OS, Virtual Machine, Microsoft Office",Pagi,0
"Fire wall, Video Editor, Foto Editor, Drive Gpu",Pagi,0
"Drive Disk, Fire fox, GNS3, Foto Editor, Microsoft Software, Microsoft Office, Defender, Virtual Machine",Pagi,1
"Defender, Video Editor, Drive Gpu, Setting, File Manager, Drive Monitor, Drive Disk, Foto Editor",Siang,1
"Microsoft Office, Firewall, Cisco",Malam,1
"Drive Disk, Fire wall, Microsoft Office, Fire fox",Malam,0
"Microsoft Software, Drive OS, Defender, Game",Malam,0
"Setting, File Manager, Video player, Fire fox, Foto Editor, Chrome",Siang,1
"Setting, Video Editor, Left 4 dead",Pagi,0
"Drive OS, Drive Ram, IDE Programming, GNS3, Drive Disk",Siang,1
"Foto Editor, Defender, File Manager",Siang,1
"Music player, Cisco, IDE Programming, Foto Editor, Drive Ram, Microsoft Office, Drive Disk, Drive OS",Malam,1
"Game, Video Editor, Left 4 dead",Pagi,1
"Video Editor, Drive Monitor, Virtual Machine, GNS3, Fire wall",Malam,0
"Left 4 dead, Virtual Machine, Drive Monitor",Malam,0
"Drive Gpu, Video Editor, File Manager, Cisco, Drive Disk, Microsoft Software",Pagi,0
"Drive Monitor, Defender, Microsoft Software, Microsoft Office",Malam,0
"Drive Gpu, Setting, Game, Microsoft Office, Chrome",Siang,1
"Game, Video Editor, Left 4 dead",Pagi,1
"Cisco, Setting, Game, Drive OS, Video player, File Manager",Pagi,0
"IDE Programming, Cisco, Drive OS",Siang,0
"IDE Programming, Cisco, Microsoft Software, Defender, Fire wall",Siang,1
"Microsoft Office, Firewall, Cisco",Malam,1
"Drive Monitor, Setting, Virtual Machine",Siang,0
"Microsoft Software, Video player, IDE Programming",Pagi,0
"Setting, Game, Fire fox, Foto Editor",Pagi,0
"Drive Disk, Video player, Drive Gpu, Left 4 dead",Siang,1
"Game, Video Editor, Left 4 dead",Pagi,1
"Drive Monitor, Cisco, Video player, Drive Gpu, Microsoft Office",Siang,1
"Microsoft Office, Firewall, Cisco",Malam,1
"Foto Editor, Drive Monitor, IDE Programming, Microsoft Office, Drive Disk, File Manager",Siang,0
"Microsoft Office, Drive Gpu, Video player",Pagi,0
"Fire fox, Drive Monitor, IDE Programming",Pagi,0
"Game, Video Editor, Left 4 dead",Pagi,1
"GNS3, Chrome, Drive Gpu, Setting, IDE Programming, Left 4 dead",Malam,0
"Microsoft Office, Firewall, Cisco",Malam,1
"Fire wall, Setting, IDE Programming, Defender, Left 4 dead, Video Editor, Drive Ram, Drive Monitor",Malam,1
"Video player, Microsoft Office, Game, Drive Monitor",Malam,0
"Video player, GNS3, Drive OS, IDE Programming, Setting, Microsoft Office, Foto Editor, Chrome",Malam,1
"Music player, Left 4 dead, Drive OS, Drive Disk",Siang,0
"Drive Disk, Video Editor, Cisco, Video player",Siang,1
"Chrome, Cisco, Virtual Machine, GNS3, File Manager",Malam,0
"File Manager, Left 4 dead, Drive Ram, Video Editor",Siang,1
"Microsoft Office, Left 4 dead, Setting, Drive Disk, Foto Editor",Pagi,0
"Fire fox, GNS3, Game, Microsoft Office, Cisco, Drive Gpu",Siang,1
"Drive Ram, Music player, Drive Monitor, IDE Programming, GNS3, Drive Disk",Pagi,0
"GNS3, Drive Gpu, Drive OS",Pagi,0
"Drive Disk, Left 4 dead, Cisco, Setting",Siang,0
"Microsoft Software, Drive Disk, Drive OS, Game, Drive Monitor, Virtual Machine",Siang,0
"Microsoft Office, Firewall, Cisco",Malam,1
"GNS3, IDE Programming, Music player, File Manager, Left 4 dead, Fire fox, Microsoft Office, Cisco",Siang,1
"Setting, Game, Drive Disk, Microsoft Software, Drive Ram",Pagi,0
"Defender, Chrome, Drive Monitor, Music player, GNS3, Virtual Machine",Malam,0
"Setting, Music player, Drive Disk, Video Editor",Siang,0
"Microsoft Office, Firewall, Cisco",Malam,1
"Game, Video Editor, Left 4 dead",Pagi,1
"GNS3, Music player, Chrome, Defender",Siang,0
"Video player, Video Editor, Game, Cisco",Siang,0
"Music player, Video player, Virtual Machine, Drive Gpu, Fire fox, Drive Disk, Fire wall, Setting",Siang,1
"Game, Video Editor, Left 4 dead",Pagi,1
"Defender, Drive OS, Video Editor",Siang,0
"Microsoft Office, Chrome, Drive OS, Video player",Malam,0
"Drive Ram, Drive OS, Fire wall, GNS3, Music player, File Manager, Fire fox, Drive Disk",Malam,1
"Drive Ram, Foto Editor, Drive OS, Setting",Siang,0
"Defender, Game, File Manager, IDE Programming, Cisco, Drive OS",Siang,0
"Drive OS, Music player, Microsoft Office, Drive Monitor, Setting, Game, Drive Gpu, Cisco",Siang,1
"Game, Video Editor, Left 4 dead",Pagi,1
"Microsoft Office, Firewall, Cisco",Malam,1
"GNS3, Drive Gpu, Drive Ram, Music player, Chrome, Microsoft Office, Fire wall, Drive OS",Siang,1
"Drive Ram, Virtual Machine, Drive OS, Foto Editor, Video Editor, Fire wall, IDE Programming, Music player",Siang,1
"Game, Video Editor, Left 4 dead",Pagi,1
"Setting, Video Editor, Defender, File Manager, Fire wall, Left 4 dead, Drive Disk, Game",Malam,1
"IDE Programming, Drive Monitor, Video player, Left 4 dead, Chrome, Music player",Siang,0
"IDE Programming, GNS3, Left 4 dead, Video player, Virtual Machine, Drive Gpu, Setting, Video Editor",Siang,1
"Chrome, Drive Monitor, Drive Disk, Drive Gpu, Foto Editor, IDE Programming",Pagi,0
"Defender, Drive OS, Setting, Cisco, IDE Programming, Video player, Game, Drive Gpu",Pagi,1
"Microsoft Office, Firewall, Cisco",Malam,1
"GNS3, Drive Ram, Drive Monitor, Video player, Drive Gpu, Setting",Malam,0
"Fire fox, Virtual Machine, Drive Ram, Foto Editor, Chrome, Video player",Pagi,0
"Drive Gpu, Foto Editor, Fire fox, Game",Siang,0
"Chrome, Fire wall, Drive Gpu, Drive OS, Foto Editor, Video Editor",Pagi,0
"Chrome, Game, Setting, GNS3, Drive Gpu",Siang,0
"GNS3, Virtual Machine, Setting, Microsoft Software, Chrome, File Manager, IDE Programming, Foto Editor",Siang,1
"Drive OS, Drive Monitor, Game, Defender, Drive Gpu",Malam,0
"Setting, Virtual Machine, File Manager, Defender, Chrome, IDE Programming, Left 4 dead, Fire fox",Pagi,1
"Drive Disk, Virtual Machine, Drive OS, Microsoft Software, Video player, Microsoft Office, Music player, Setting",Malam,1
"Drive Disk, GNS3, Virtual Machine, IDE Programming",Siang,0
"Chrome, Microsoft Software, Microsoft Office, Drive OS",Malam,0
"Drive Disk, Microsoft Office, Drive Ram, Microsoft Software, Drive Monitor",Malam,0
"Foto Editor, IDE Programming, Setting, Fire fox, Left 4 dead",Pagi,0
"Fire wall, Chrome, IDE Programming",Siang,0
"Drive Gpu, IDE Programming, GNS3, Left 4 dead, Drive Ram",Malam,0
"Fire wall, Virtual Machine, Drive Monitor, Defender, Foto Editor",Malam,0
"GNS3, Drive Gpu, Setting, Microsoft Office, Music player",Malam,0
"Drive Disk, Drive Monitor, Setting, Video Editor, Drive Ram, Microsoft Office, File Manager, IDE Programming",Pagi,1
"Defender, Drive Ram, File Manager, Microsoft Office",Pagi,0
"Drive Monitor, Drive Disk, Chrome, Drive Ram, File Manager, Game, Video Editor, Drive Gpu",Siang,1
"Drive Ram, GNS3, Microsoft Software, Setting, IDE Programming, Drive Monitor, Video Editor, Virtual Machine",Malam,1
"Fire wall, Drive Monitor, Chrome, Foto Editor",Pagi,0
"File Manager, IDE Programming, Fire wall, Drive Monitor, Drive Gpu, Video player",Pagi,0
"Drive Disk, Video player, Microsoft Office, GNS3",Siang,0
"Drive Gpu, File Manager, Drive Ram, Drive OS, Setting",Pagi,0
"Defender, Video player, Foto Editor",Malam,0
"GNS3, Video player, Drive OS",Malam,0
"Game, Video Editor, Left 4 dead",Pagi,1
"Drive Monitor, Fire fox, Microsoft Software, Music player, Drive Disk, GNS3, Game, Fire wall",Malam,1
"File Manager, Drive Ram, Virtual Machine, Game, Drive Disk, GNS3, Drive OS, Fire fox",Siang,1
"Drive OS, Music player, Chrome, GNS3, Setting, Video player, Drive Gpu, Drive Disk",Siang,1
"Setting, Fire wall, Left 4 dead, Video player",Pagi,0
"File Manager, Setting, Drive Gpu, Drive Monitor, Microsoft Software, Game, Cisco, Virtual Machine",Malam,1
"Video player, Setting, GNS3, IDE Programming, Chrome",Malam,0
"Drive Disk, Video player, Game, Fire fox, Defender, Drive Monitor, File Manager, Chrome",Siang,1
"Chrome, GNS3, Video player, Microsoft Software",Pagi,0
"Drive Disk, Cisco, File Manager, Setting, Defender, Drive Ram",Pagi,0
"Drive Monitor, Cisco, IDE Programming, Defender, Chrome",Pagi,0
"Virtual Machine, Video Editor, IDE Programming, Left 4 dead, Game",Pagi,0
"Setting, IDE Programming, Microsoft Office, Microsoft Software, Virtual Machine, Music player",Siang,0
"Microsoft Office, Firewall, Cisco",Malam,1
"Game, Video Editor, Left 4 dead",Pagi,1
"GNS3, Chrome, Music player, Video Editor, Virtual Machine",Malam,0
"Drive Gpu, Drive Disk, Drive Ram, Foto Editor, Video player, Cisco, Microsoft Software, Drive Monitor",Pagi,1
"Game, Video Editor, Left 4 dead",Pagi,1
"Microsoft Software, Fire fox, Video player, File Manager, Drive Disk, Drive OS",Pagi,0
"Video Editor, Drive Disk, Drive Monitor",Pagi,0
"Left 4 dead, GNS3, Setting, Game, Video Editor, IDE Programming",Siang,1
"Video Editor, Drive OS, Microsoft Software, IDE Programming, Drive Disk, Game, Fire wall, Video player",Pagi,1
"Drive Ram, GNS3, Drive Monitor, Video player, Music player, Left 4 dead",Pagi,0
"Music player, Virtual Machine, Drive Monitor, Foto Editor, Game, Fire fox",Siang,0
"Music player, Left 4 dead, Drive Gpu, Microsoft Office, Fire fox",Siang,0
"Chrome, IDE Programming, Left 4 dead, Defender, File Manager, Drive Disk, Drive Ram, Cisco",Malam,1
"Setting, Fire wall, Microsoft Software, Left 4 dead, Video Editor, Microsoft Office, Drive OS, Defender",Malam,1
"Drive Ram, IDE Programming, Fire wall, Game, Setting, Foto Editor, Drive Disk, Drive Monitor",Pagi,1
"Foto Editor, IDE Programming, Setting, Chrome, Cisco, Drive Gpu",Pagi,0
"Music player, Drive Disk, GNS3, Setting, Defender, Microsoft Office, Video player, Microsoft Software",Pagi,1
"Drive Monitor, Setting, Drive Disk, Video player, Drive Ram, Cisco, Music player, Microsoft Office",Malam,1
"Drive Gpu, Video player, Defender",Siang,0
"Drive Gpu, Game, Defender",Malam,0
"Setting, Fire fox, Virtual Machine, Music player",Pagi,0
"Fire wall, Virtual Machine, Fire fox, IDE Programming, Drive Disk, Music player, Drive Ram, Microsoft Software",Malam,1
"Setting, File Manager, Fire wall, GNS3, Video Editor, Drive Monitor",Siang,1
"Defender, Virtual Machine, Fire wall, GNS3, Setting, Game, Microsoft Office, Fire fox",Pagi,1
"Chrome, Left 4 dead, IDE Programming, Foto Editor",Malam,0
"Defender, Fire wall, Video Editor, Left 4 dead",Malam,0
"Microsoft Office, Setting, IDE Programming",Malam,0
"Virtual Machine, Video player, Music player, Foto Editor",Pagi,0
"Setting, Microsoft Office, Drive Gpu, Fire fox",Malam,0
"Game, Video Editor, Left 4 dead",Pagi,1
"Drive Gpu, Cisco, Virtual Machine, Drive Disk, GNS3, Drive OS, File Manager, Microsoft Office",Pagi,1
"Drive Monitor, Video player, Foto Editor, Microsoft Office, Fire fox, Music player, Game, Drive Disk",Siang,1
"Virtual Machine, GNS3, File Manager, Drive Gpu",Siang,1
"Game, Video Editor, Left 4 dead",Pagi,1
"Game, Video Editor, Left 4 dead",Pagi,1
"Drive Ram, Drive Gpu, File Manager",Pagi,0
"Fire wall, Drive Disk, GNS3",Malam,0
"Game, Video Editor, Left 4 dead",Pagi,1
"Defender, Video Editor, Music player, IDE Programming",Pagi,0
"Microsoft Office, Firewall, Cisco",Malam,1
"Left 4 dead, GNS3, Drive Disk, Fire fox, Video player, Virtual Machine",Malam,0
"Left 4 dead, Drive OS, IDE Programming",Siang,1
"Foto Editor, Drive OS, IDE Programming, Left 4 dead",Siang,0
"Drive Disk, Cisco, Microsoft Software, Drive Ram, Drive Gpu",Siang,0
"Fire fox, Drive Monitor, Left 4 dead, File Manager, Microsoft Office, Video player",Pagi,0
"Drive Gpu, Video Editor, Setting, Foto Editor, Game, Drive Ram, GNS3, Video player",Pagi,1
"Video Editor, Microsoft Office, File Manager, Foto Editor, Chrome",Pagi,0
"Game, Setting, Defender, Cisco, Microsoft Software, Drive Gpu",Siang,1
"Game, Video Editor, Left 4 dead",Pagi,1
"Fire wall, Virtual Machine, Music player",Siang,1
"Game, Video Editor, Left 4 dead",Pagi,1
"Drive Ram, Video player, Video Editor, Virtual Machine",Siang,0
"Drive OS, Game, Virtual Machine, Setting, Cisco, Drive Ram, Music player, Drive Disk",Siang,1
"IDE Programming, Video player, Game, Chrome, Video Editor, Foto Editor, Drive Disk, Fire fox",Pagi,1
"Cisco, Fire fox, Drive OS, Microsoft Software, Music player, Defender, Fire wall, Drive Monitor",Siang,1
"Cisco, Fire fox, GNS3",Siang,0
"Microsoft Office, Drive Disk, Foto Editor, Left 4 dead, Video Editor, Cisco",Malam,0
"Drive OS, Video Editor, GNS3, IDE Programming",Malam,0
"Drive OS, Drive Gpu, IDE Programming",Malam,0
"Video player, IDE Programming, Virtual Machine, Defender, Setting, Drive OS",Malam,0
"Drive OS, Drive Gpu, Drive Ram, Video Editor, Music player, GNS3",Siang,1
"Chrome, Music player, Microsoft Software",Pagi,0
"Foto Editor, Drive Ram, Setting, Fire wall, Game, Microsoft Software, Drive OS, Drive Disk",Siang,1
"Virtual Machine, Cisco, Game, Setting, Drive Monitor, Chrome",Siang,1
"Virtual Machine, Drive Ram, Drive Disk, Defender, GNS3, Fire fox",Siang,0
"Setting, Game, Drive Ram, GNS3, Defender",Siang,0
"Chrome, Left 4 dead, Defender",Siang,0
"Drive Monitor, IDE Programming, Microsoft Office",Siang,0
"Virtual Machine, Fire fox, Game, Chrome",Siang,0
"Drive OS, Microsoft Office, Drive Ram, Foto Editor, Microsoft Software, GNS3, Defender, Video Editor",Siang,1
"Microsoft Office, Chrome, Cisco, Drive Disk, GNS3, Setting, Fire fox, Drive Monitor",Pagi,1
"Setting, Foto Editor, Microsoft Software",Siang,0
"Drive Disk, Microsoft Software, Defender, Virtual Machine, Left 4 dead",Pagi,0
"Microsoft Office, File Manager, Drive Ram",Pagi,0
"Video player, Music player, Chrome, Foto Editor, Defender, Drive Disk",Siang,0
"Music player, Microsoft Office, Foto Editor, Cisco, Video Editor",Siang,0
"Chrome, Drive OS, Music player, Game, IDE Programming, Drive Disk",Pagi,0
"Drive Ram, IDE Programming, Left 4 dead, Music player",Siang,0
"Microsoft Office, Firewall, Cisco",Malam,1
"Microsoft Office, Firewall, Cisco",Malam,1
"Drive OS, Microsoft Office, Game, Left 4 dead",Siang,0
"Virtual Machine, Foto Editor, Cisco, Drive Gpu, Video Editor, Video player, Drive Ram, IDE Programming",Siang,1
"Chrome, Virtual Machine, Drive Gpu, Video Editor, Foto Editor, GNS3, Fire wall, IDE Programming",Siang,1
"Drive Ram, File Manager, Setting, Video Editor, GNS3, Drive Gpu, Left 4 dead, Virtual Machine",Siang,1
"Microsoft Software, Video player, Microsoft Office, Game, Chrome, Drive Ram",Pagi,0
"Microsoft Office, Chrome, Fire wall, Game",Siang,0
"File Manager, Fire wall, Defender, Drive Gpu, Video Editor, Game, IDE Programming, Cisco",Malam,1
"Game, Video Editor, Left 4 dead",Pagi,1
"GNS3, Music player, IDE Programming, Defender, Fire fox, Drive Monitor, Drive Disk, Foto Editor",Siang,1
"Drive Monitor, Microsoft Software, Drive Disk, Video Editor, Fire wall, Drive OS",Siang,0
"Microsoft Office, Drive Disk, Drive OS, GNS3, Left 4 dead",Pagi,0
"Virtual Machine, Drive Gpu, Video player, Chrome",Malam,0
"Chrome, Game, Fire wall",Malam,0
"Music player, Fire fox, Foto Editor, Left 4 dead",Pagi,0
"Microsoft Office, Fire wall, Cisco, Defender, Virtual Machine, Drive OS, Fire fox, Microsoft Software",Siang,1
"Left 4 dead, IDE Programming, Drive Monitor, Game, Defender",Siang,1
"Drive Gpu, Defender, Setting, Music player, Fire fox, IDE Programming, Fire wall, GNS3",Malam,1
"Drive Monitor, Music player, Fire fox, Video player",Siang,0
"Game, Video Editor, Left 4 dead",Pagi,1
"Drive Monitor, IDE Programming, Microsoft Software, Microsoft Office, Fire wall, Music player",Malam,0
"Drive OS, Fire wall, Drive Monitor, Setting, Video player",Malam,0
"File Manager, Microsoft Software, Cisco, Left 4 dead, IDE Programming",Siang,0
"Fire fox, Game, Drive Monitor",Pagi,0
"IDE Programming, Fire fox, Drive Gpu, Cisco, Chrome, Virtual Machine, Microsoft Office, Fire wall",Pagi,1
"Music player, IDE Programming, Left 4 dead, Chrome, Microsoft Office, Cisco, Virtual Machine, Setting",Pagi,1
"Game, Drive Gpu, Chrome",Siang,0
"Foto Editor, File Manager, IDE Programming, Game, Virtual Machine, Left 4 dead, GNS3, Cisco",Siang,1
"Game, Video Editor, Left 4 dead",Pagi,1
"Music player, Game, Chrome, Video Editor, Drive Monitor, Defender, Cisco, Fire wall",Pagi,1
"Drive OS, GNS3, Chrome, Left 4 dead",Pagi,0
"Left 4 dead, File Manager, Microsoft Software",Malam,0
"Microsoft Office, Firewall, Cisco",Malam,1
"Foto Editor, Drive Gpu, Fire fox, Cisco, File Manager, Defender, Virtual Machine, IDE Programming",Pagi,1
"Chrome, Virtual Machine, Drive Ram, Foto Editor, File Manager",Malam,0
"Video player, Drive Monitor, Foto Editor, Fire fox, Left 4 dead, IDE Programming, Video Editor, Drive Ram",Pagi,1
"Fire fox, File Manager, Drive Monitor, Drive Gpu, Game",Siang,0
"Game, Video Editor, Left 4 dead",Pagi,1
"Foto Editor, GNS3, Drive Gpu, IDE Programming, Defender, Drive Disk",Siang,0
"Microsoft Software, Microsoft Office, GNS3, Virtual Machine, Music player",Siang,0
"Fire fox, Game, Cisco, Drive Gpu",Pagi,0
"Left 4 dead, Chrome, Virtual Machine, IDE Programming",Malam,0
"Microsoft Software, Microsoft Office, Cisco, Setting",Pagi,0
"Video Editor, Drive Ram, Left 4 dead, Setting, Chrome, Cisco, Fire wall, Microsoft Software",Pagi,1
"Foto Editor, Drive Disk, Microsoft Office, Fire wall",Siang,1
"Game, Drive Monitor, Chrome, Drive OS",Malam,0
"Drive Disk, Fire fox, Foto Editor, Video Editor, Microsoft Software",Siang,1
"Microsoft Office, Foto Editor, IDE Programming",Pagi,0
"Setting, Foto Editor, Virtual Machine, Drive Ram",Malam,0
"Virtual Machine, Cisco, Drive Disk, GNS3",Malam,0
"Cisco, Video Editor, Setting",Pagi,0
"Video Editor, Drive Gpu, File Manager, Drive OS, Drive Monitor, IDE Programming, Chrome, Cisco",Pagi,1
"Fire wall, Drive Gpu, Setting, Drive Monitor, Game, Video Editor",Malam,0
"Video player, Fire fox, Drive Monitor, Drive Gpu, Setting",Siang,0
"Virtual Machine, Game, Drive OS",Pagi,0
"Music player, Drive OS, Video player, File Manager, Fire fox",Pagi,0
"Foto Editor, Left 4 dead, Drive Monitor, Defender, GNS3",Pagi,0
"Fire wall, Microsoft Office, Fire fox, File Manager, Game, Setting",Pagi,0
"Microsoft Office, Firewall, Cisco",Malam,1
"Chrome, Drive Monitor, Drive Ram, Fire wall, Drive Gpu, Drive OS",Pagi,0
"Game, Video Editor, Left 4 dead",Pagi,1
"GNS3, Fire wall, Fire fox",Siang,1
"Video player, Microsoft Office, Drive Gpu, Defender",Pagi,0
"Video Editor, Setting, File Manager",Malam,0
"Foto Editor, Virtual Machine, Game, Fire wall, GNS3, Defender, Video player, Cisco",Malam,1
"Chrome, Music player, Drive Ram, Cisco, Left 4 dead, Fire fox",Pagi,0
"Microsoft Software, Drive Monitor, Microsoft Office, Defender, IDE Programming, Drive Ram, Left 4 dead, Foto Editor",Siang,1
"Virtual Machine, Video Editor, Music player",Malam,0
"Game, Video Editor, Left 4 dead",Pagi,1
"Fire wall, Left 4 dead, Chrome, Video player, Drive Gpu, Setting",Siang,0
"Game, Video Editor, Left 4 dead",Pagi,1
"Foto Editor, Game, Drive Disk, Setting, Fire wall, Drive Monitor",Pagi,0
"Drive OS, Drive Monitor, Left 4 dead, Drive Disk, Fire fox, Video Editor, Virtual Machine, Microsoft Software",Malam,1
"Video player, Cisco, Defender, Microsoft Office, Drive Monitor, Drive Disk, File Manager, Video Editor",Siang,1
"Drive Disk, Drive OS, Left 4 dead",Siang,0
"Microsoft Office, Virtual Machine, Fire fox, Left 4 dead, Microsoft Software, GNS3, Setting, Foto Editor",Pagi,1
"Microsoft Office, File Manager, Game, Drive Ram, GNS3, Fire wall, Microsoft Software, Virtual Machine",Malam,1
"Drive Disk, File Manager, Video player, Defender, Microsoft Office",Pagi,0
"Drive Ram, Defender, IDE Programming, Video player, Drive Disk, Drive OS",Pagi,0
"Video player, Drive OS, Drive Gpu, Video Editor, GNS3",Malam,0
"Left 4 dead, Drive OS, Music player, GNS3, File Manager, Microsoft Software",Pagi,0
"Drive Ram, IDE Programming, Video Editor",Siang,0
"Game, Video Editor, Left 4 dead",Pagi,1
"Game, Setting, File Manager",Pagi,0
"GNS3, Left 4 dead, Drive Monitor, Fire fox, Defender",Pagi,0
"Cisco, Drive OS, Left 4 dead, Music player, Setting, Fire wall",Malam,0
"Cisco, Chrome, Setting, Video Editor, Game, IDE Programming, GNS3, Music player",Pagi,1
"Drive Disk, Cisco, Drive Monitor, Setting, Left 4 dead",Siang,0
"Microsoft Software, Drive Monitor, IDE Programming",Malam,0
"Defender, Setting, Microsoft Office, Drive OS, Drive Disk",Siang,1
"GNS3, Microsoft Office, Virtual Machine, Drive Gpu, Chrome, Video player, Game, Drive Disk",Siang,1
"Microsoft Office, Firewall, Cisco",Malam,1
"Video Editor, Drive Monitor, Fire wall, Setting, Drive Ram",Malam,0
"Game, Foto Editor, Defender, Video Editor, GNS3, Video player, Fire fox, Chrome",Pagi,1
"Setting, Fire wall, Microsoft Software, IDE Programming",Siang,0
"Microsoft Office, Firewall, Cisco",Malam,1
"Game, Drive Disk, File Manager",Malam,0
"Game, Video Editor, Left 4 dead",Pagi,1
"File Manager, Setting, Cisco, Foto Editor, Defender, Game",Pagi,0
"Cisco, Foto Editor, Virtual Machine, Defender, GNS3, Microsoft Software, Microsoft Office, Chrome",Malam,1
"Defender, Microsoft Office, Drive Gpu",Pagi,0
"Music player, File Manager, Fire wall, Drive Disk, Chrome, Defender, GNS3, Cisco",Pagi,1
"IDE Programming, Drive Monitor, Video player, Defender, GNS3",Siang,1
"Game, Video Editor, Left 4 dead",Pagi,1
"Foto Editor, Video player, Cisco, Drive Ram, Fire wall",Siang,0
"Foto Editor, Game, Fire wall, Music player, Video Editor, Chrome, Defender, Microsoft Office",Pagi,1
"Left 4 dead, Drive Monitor, Video Editor, Drive Ram, Game, File Manager, Video player, Drive Gpu",Siang,1
"Defender, IDE Programming, Game, Microsoft Office, Setting, Drive Monitor",Pagi,0
"Chrome, Virtual Machine, IDE Programming, Defender",Pagi,0
"Cisco, Drive Gpu, Drive Monitor, Drive Ram",Siang,0
"Setting, Microsoft Office, Fire wall, File Manager",Siang,0
"Setting, Chrome, Fire fox, Game, Drive Ram, IDE Programming, Foto Editor, Virtual Machine",Siang,1
"IDE Programming, Game, Drive Ram, Video player, Setting",Siang,0
"Music player, Video player, IDE Programming, Chrome, Defender, File Manager, Drive Disk, Foto Editor",Pagi,1
"Left 4 dead, File Manager, Video Editor, Drive Monitor, Foto Editor, IDE Programming, Drive Disk, GNS3",Pagi,1
"Microsoft Office, Drive OS, File Manager, Video Editor, GNS3, Left 4 dead",Pagi,0
"Chrome, GNS3, Cisco, Music player, Virtual Machine, Fire wall, Microsoft Software, Defender",Pagi,1
"Drive Ram, Microsoft Office, Setting, GNS3, Fire wall, Cisco",Malam,0
"Microsoft Office, Firewall, Cisco",Malam,1
"Game, Defender, Drive Ram, Drive Disk, Cisco, Video Editor, File Manager, Video player",Pagi,1
"Microsoft Office, Firewall, Cisco",Malam,1
"Microsoft Office, Firewall, Cisco",Malam,1
"Microsoft Office, Firewall, Cisco",Malam,1
"Fire fox, Drive Disk, Left 4 dead, Game, File Manager, Foto Editor, Music player, Video Editor",Siang,1
"Video player, Music player, Video Editor, Game, Foto Editor",Siang,0
"Microsoft Office, Firewall, Cisco",Malam,1
"Microsoft Office, Game, Setting",Malam,0
"Game, Video Editor, Left 4 dead",Pagi,1
"Left 4 dead, Drive Disk, IDE Programming, Video Editor, Drive Ram, Game, Microsoft Office, Foto Editor",Pagi,1
"Game, Drive Monitor, Fire wall, Drive Gpu, GNS3, Fire fox, Video Editor, Chrome",Pagi,1
"Game, Microsoft Office, Setting, Music player, Fire wall",Siang,1
"Drive OS, Foto Editor, Virtual Machine, Music player",Malam,0
"Drive Disk, Drive Gpu, Drive OS, Drive Monitor, File Manager, Fire fox, IDE Programming, Microsoft Software",Pagi,1
"Drive Disk, Game, Virtual Machine",Malam,0
"Defender, IDE Programming, Setting, Music player, Foto Editor",Malam,0
"Microsoft Office, Firewall, Cisco",Malam,1
"Drive OS, Music player, Microsoft Software, Cisco, Drive Gpu",Malam,0
"Chrome, Foto Editor, File Manager, Microsoft Office",Siang,1
"File Manager, Cisco, Fire fox, Virtual Machine",Malam,0
"Cisco, Left 4 dead, Microsoft Software",Malam,0
"Drive Monitor, Game, Chrome, Drive OS, Microsoft Office, Defender, GNS3, Drive Disk",Siang,1
"Microsoft Office, Firewall, Cisco",Malam,1
"Virtual Machine, Video player, Foto Editor, Music player, Drive Ram, Video Editor",Siang,0
"Video player, Drive Monitor, Virtual Machine",Malam,0
"Drive Gpu, Fire fox, Left 4 dead, IDE Programming, Drive Ram, GNS3",Malam,0
"Drive Gpu, Drive Monitor, IDE Programming, Microsoft Software, Music player, Foto Editor, Microsoft Office, Setting",Pagi,1
"Microsoft Office, Microsoft Software, Setting, Defender",Siang,1
"Drive Ram, Cisco, Drive Gpu, Drive OS, Drive Monitor, Microsoft Software, Microsoft Office, Fire fox",Siang,1
"Drive Ram, Video Editor, Foto Editor, Virtual Machine, Setting, Drive Gpu",Siang,0
"GNS3, Foto Editor, Drive OS, Setting, Left 4 dead, Drive Monitor, Fire fox, Chrome",Siang,1
"Drive Ram, Music player, Setting, Drive Monitor, File Manager",Malam,0
"Game, Video Editor, Left 4 dead",Pagi,1
"File Manager, Drive OS, Drive Monitor",Malam,0
"Microsoft Office, Firewall, Cisco",Malam,1
"GNS3, File Manager, Left 4 dead, Fire wall, Drive Disk",Malam,0
"Music player, Drive Ram, Microsoft Software, Setting, Virtual Machine",Siang,0
"Fire fox, Microsoft Software, Virtual Machine, Video player, Defender, Drive Gpu, Drive Ram, Music player",Siang,1
"Fire fox, File Manager, Drive OS, Microsoft Office, Microsoft Software, Virtual Machine",Siang,0
"Microsoft Office, Drive Gpu, Left 4 dead",Siang,0
"Microsoft Software, Game, Foto Editor, Drive OS, Virtual Machine",Pagi,0
"Foto Editor, Left 4 dead, Fire wall, Cisco",Siang,0
"Setting, Drive Gpu, GNS3, Fire wall",Malam,0
"Setting, Video Editor, Chrome, Video player, Game, Fire fox",Pagi,0
"Game, Video Editor, Left 4 dead",Pagi,1
"Drive Gpu, Music player, Drive Ram",Siang,0
"Game, Chrome, File Manager, Left 4 dead, Cisco",Pagi,0
"Microsoft Software, Drive Disk, Video player",Siang,0
"Fire fox, Drive Disk, Microsoft Software",Siang,1
"Fire wall, Drive Disk, Chrome, File Manager",Siang,1
"Microsoft Office, Firewall, Cisco",Malam,1
"Setting, Cisco, Drive OS, Game, Fire wall, Drive Ram, Fire fox, Defender",Pagi,1
"Drive Gpu, Fire wall, Fire fox, Drive Disk, Music player",Pagi,0
"Video player, Drive OS, Drive Gpu, Virtual Machine, Drive Ram, Fire wall, Left 4 dead, Cisco",Siang,1
"Drive Ram, GNS3, Defender, Drive OS, Game",Siang,1
"Defender, Game, Music player",Malam,0
"Game, Video Editor, Left 4 dead",Pagi,1
"Setting, Cisco, Virtual Machine, Music player",Siang,0
"Game, Video Editor, Left 4 dead",Pagi,1
"Drive Gpu, Drive Ram, Music player, Cisco, IDE Programming",Malam,0
"Game, Video Editor, Left 4 dead",Pagi,1
"Drive Ram, Foto Editor, Virtual Machine, File Manager",Malam,0
"Microsoft Office, Video Editor, Video player",Malam,0
"Music player, GNS3, Game, Setting, Fire wall, Cisco",Siang,0
"Left 4 dead, Video player, Video Editor, Setting, Drive Ram, Drive Monitor",Malam,0
"Virtual Machine, Microsoft Office, IDE Programming, Drive Ram, Chrome",Malam,0
"Foto Editor, Music player, File Manager, Drive Ram, Game",Siang,0
"Foto Editor, File Manager, Drive OS, IDE Programming, Video player",Siang,0
"Microsoft Office, Firewall, Cisco",Malam,1
"Fire fox, IDE Programming, Drive Disk, Microsoft Software, Left 4 dead, Drive Ram",Pagi,0
"Microsoft Software, Video player, Drive Disk, IDE Programming, Foto Editor, Defender, Drive Ram, Setting",Pagi,1
"Defender, Drive Gpu, Setting, Game",Pagi,0
"Drive Gpu, Fire fox, Game",Siang,0
"Drive Disk, File Manager, Left 4 dead",Pagi,0
"IDE Programming, GNS3, Virtual Machine, Drive Disk",Malam,0
"File Manager, Setting, Foto Editor",Malam,0
"Video Editor, Defender, GNS3, Setting, Virtual Machine, Left 4 dead",Pagi,0
"Microsoft Software, File Manager, Microsoft Office, Setting, GNS3, Fire wall",Pagi,0
"Chrome, File Manager, Drive Ram",Pagi,0
"GNS3, Music player, Fire fox, Cisco",Siang,1
"Fire wall, Left 4 dead, Music player, Fire fox, Foto Editor, GNS3, File Manager, Drive Disk",Malam,1
"Game, Video Editor, Left 4 dead",Pagi,1
"Chrome, Drive Ram, Cisco, Microsoft Software, Setting",Siang,1
"Video Editor, Drive Disk, Virtual Machine, Fire wall, Chrome, Video player, Game, Setting",Siang,1
"Drive Disk, Drive Monitor, Game, Music player, IDE Programming, Video player, GNS3, File Manager",Siang,1
"Video player, Drive OS, Microsoft Software, Defender",Malam,0
"Fire fox, Microsoft Software, Video Editor",Siang,0
"Defender, Chrome, Drive Ram, IDE Programming, Drive Monitor, File Manager",Siang,0
"Left 4 dead, Drive Monitor, Drive Gpu, Drive Ram, Microsoft Office, Music player, Cisco, Game",Pagi,1
"Video player, Music player, Drive Gpu, Left 4 dead, GNS3, Drive Monitor",Siang,0
"Video Editor, Music player, Microsoft Office, File Manager, Fire wall, Drive Ram, Virtual Machine, Drive Disk",Siang,1
"Drive Gpu, IDE Programming, Foto Editor, Drive Ram, Drive Disk",Malam,0
"Left 4 dead, Drive Gpu, Drive Disk, Drive Monitor, Setting, IDE Programming, Defender, Video player",Malam,1
"Fire wall, Drive Gpu, GNS3, Game",Pagi,0
"Drive Disk, GNS3, Drive Monitor",Malam,0
"Microsoft Office, Firewall, Cisco",Malam,1
"Drive Disk, File Manager, Virtual Machine, Video Editor, Video player, Microsoft Office, Fire fox, Chrome",Malam,1
"File Manager, Cisco, Drive Ram, Drive Disk, Defender, Drive OS",Malam,0
"Microsoft Software, Video Editor, Drive Disk, Fire wall, Virtual Machine, Chrome",Siang,0
"Music player, Cisco, Fire wall, Left 4 dead, Video player",Pagi,0
"Drive Disk, Virtual Machine, Fire fox, Cisco",Siang,0
"Microsoft Office, Firewall, Cisco",Malam,1
"Setting, Game, IDE Programming, Video player, Left 4 dead",Siang,0
"Microsoft Software, Drive Gpu, Fire wall, Chrome",Malam,0
"File Manager, Video Editor, Music player, Microsoft Software, Drive Disk, Virtual Machine",Pagi,0
"Drive Gpu, Drive Monitor, Cisco, Left 4 dead, Defender, Drive OS, IDE Programming, Video Editor",Pagi,1
"Microsoft Office, Firewall, Cisco",Malam,1
"Game, Video Editor, Left 4 dead",Pagi,1
"Left 4 dead, Video Editor, Setting, Drive Disk, Fire fox, Game, File Manager, Chrome",Pagi,1
"Fire fox, Video Editor, Defender, GNS3, Drive Disk, Microsoft Office",Siang,0
"Cisco, Defender, Video player, File Manager",Siang,1
"Microsoft Office, Firewall, Cisco",Malam,1
"File Manager, Foto Editor, Left 4 dead",Pagi,0
"Drive Monitor, Video Editor, Music player, Game, Fire wall, Microsoft Office, Left 4 dead, Virtual Machine",Siang,1
"Drive Ram, Drive Disk, GNS3, Drive OS, Music player, Video player, IDE Programming, Chrome",Siang,1
"Left 4 dead, Drive Disk, Drive Ram, IDE Programming, Video Editor",Malam,0
"Drive Ram, Drive Monitor, Drive OS, Drive Disk, Game, Cisco, Left 4 dead, Microsoft Software",Siang,1
"Drive Monitor, Drive OS, Defender, Game, Microsoft Software, Fire fox",Malam,0
"GNS3, Drive Disk, Drive Ram, Microsoft Office, Left 4 dead",Pagi,0
"IDE Programming, Setting, Cisco, Drive Gpu, Drive Disk, Game",Siang,1
"Drive Disk, Left 4 dead, Video Editor, Microsoft Office",Malam,0
"Game, Video Editor, Left 4 dead",Pagi,1
"Microsoft Software, File Manager, GNS3, IDE Programming, Fire fox, Cisco",Siang,1
"Fire wall, Drive OS, GNS3, Chrome",Pagi,0
"Microsoft Office, Firewall, Cisco",Malam,1
"Game, Video Editor, Cisco",Siang,1
"Virtual Machine, Microsoft Office, IDE Programming",Pagi,0
"IDE Programming, Video player, Music player, Drive OS",Malam,0
"Microsoft Software, Fire wall, Video Editor, File Manager",Malam,0
"Defender, Drive Monitor, Fire fox, Video Editor, Left 4 dead, Cisco, GNS3, Drive Gpu",Malam,1
"GNS3, IDE Programming, Video player, Video Editor",Siang,0
"Video Editor, Video player, File Manager, Drive Gpu, Left 4 dead, Game, Cisco, Microsoft Office",Malam,1
"Video player, Foto Editor, IDE Programming",Pagi,0
"GNS3, Drive Gpu, Fire fox, Cisco",Malam,0
"Fire wall, Foto Editor, Setting, Cisco, GNS3, Video Editor, File Manager, Drive OS",Siang,1
"Game, Video Editor, Left 4 dead",Pagi,1
"Drive Gpu, Video Editor, IDE Programming, Left 4 dead, Microsoft Software, GNS3, Microsoft Office, Cisco",Malam,1
"Setting, Music player, Drive Ram, Game, Microsoft Software, GNS3",Siang,0
"Drive Monitor, Drive OS, GNS3, Defender, Drive Gpu, Microsoft Office, Drive Ram, Video Editor",Pagi,1
"Virtual Machine, Fire fox, Video player, File Manager",Malam,0
"Cisco, Drive Ram, Setting, Microsoft Software, Game, Foto Editor",Malam,0
"Drive Monitor, IDE Programming, GNS3",Pagi,0
"IDE Programming, Drive Disk, Fire wall, Music player",Pagi,0
"Virtual Machine, Chrome, IDE Programming, Drive Disk, Left 4 dead, Fire wall",Siang,1
"Drive Monitor, GNS3, Setting, Microsoft Office, IDE Programming, Video Editor, Video player, Music player",Malam,1
"Drive Ram, Cisco, Drive Gpu, Defender",Pagi,0
"Game, Left 4 dead, IDE Programming, Chrome, Microsoft Software, Drive Disk, Foto Editor, Microsoft Office",Malam,1
"Microsoft Office, Microsoft Software, Chrome, Fire fox, Drive OS, Foto Editor, Game, IDE Programming",Malam,1
"Left 4 dead, IDE Programming, Foto Editor, Microsoft Office",Siang,0
"Drive Disk, Drive Monitor, Fire fox, Drive Ram, Foto Editor, Cisco",Malam,0
"Left 4 dead, Drive Ram, Cisco, Game, Setting",Siang,0
"Defender, Drive Monitor, Music player, GNS3, Video player",Pagi,0
"Microsoft Office, Firewall, Cisco",Malam,1
"Game, Drive OS, File Manager, Fire fox, IDE Programming, Microsoft Software",Pagi,0
"File Manager, Game, IDE Programming, Fire wall, Drive Gpu, Setting, Chrome, Cisco",Malam,1
"Fire wall, Drive Monitor, Drive Gpu",Pagi,0
"Drive Disk, Drive OS, Video Editor",Siang,1
"Microsoft Office, Firewall, Cisco",Malam,1
"GNS3, Virtual Machine, Defender, Fire wall, Microsoft Office, Drive Gpu, Drive Disk, IDE Programming",Pagi,1
"Video Editor, Video player, Defender, Drive Disk, GNS3, Microsoft Office, Fire wall, Cisco",Siang,1
"Drive Gpu, Virtual Machine, Foto Editor, Defender, Chrome, Setting",Malam,0
"Drive Monitor, Microsoft Software, Game",Pagi,0
"Microsoft Office, Firewall, Cisco",Malam,1
"Music player, Drive Gpu, Microsoft Office, Video Editor, Left 4 dead",Malam,0
"IDE Programming, Chrome, Foto Editor, Video Editor, Video player, Cisco, Fire fox, Left 4 dead",Siang,1
"Drive Monitor, Drive Ram, Video Editor, Chrome",Malam,0
"Drive Monitor, Fire wall, Video player, Defender, Chrome, Game, Foto Editor, File Manager",Siang,1
"Cisco, File Manager, GNS3, Microsoft Software, Drive Disk",Malam,0
"Video Editor, Fire wall, Setting, Virtual Machine, Drive Ram",Malam,0
"Drive Gpu, Drive Disk, Cisco",Siang,1
"Defender, Drive Monitor, Drive Disk",Siang,0
"Drive Disk, Chrome, Virtual Machine, Fire fox, Game",Pagi,0
"Foto Editor, Virtual Machine, Drive Disk, Left 4 dead, Defender, Chrome",Siang,0
"Game, Video Editor, Left 4 dead",Pagi,1
"Music player, Video player, Video Editor, IDE Programming, Chrome, Microsoft Software, Setting, Drive Disk",Pagi,1
"Setting, Fire wall, IDE Programming, Chrome, Cisco, Drive Gpu, Microsoft Software, GNS3",Pagi,1
"Drive Monitor, Setting, Video player, Defender",Siang,0
"Game, Video Editor, Left 4 dead",Pagi,1
"Cisco, Setting, Drive OS, Left 4 dead, Foto Editor, Drive Ram",Malam,0
"Cisco, Microsoft Office, Drive OS, Fire wall, Defender, Microsoft Software",Siang,1
"Video player, Drive Ram, Left 4 dead, Microsoft Office, Defender, Fire fox",Siang,0
"Foto Editor, Chrome, Drive Ram, Drive Disk, Drive Monitor",Siang,0
"Microsoft Software, Foto Editor, Drive Ram, Defender, Chrome, Drive Gpu, Drive Monitor, Setting",Siang,1
"Left 4 dead, Defender, Foto Editor, Fire wall, Drive OS, Drive Gpu, GNS3, Microsoft Office",Pagi,1
"Music player, Drive Gpu, Drive Monitor, Fire fox, Game, IDE Programming, Video player, Drive Ram",Pagi,1
"Left 4 dead, Defender, File Manager, IDE Programming, Virtual Machine, Video Editor, Fire wall, Game",Malam,1
"IDE Programming, Drive Ram, Fire wall",Siang,1
"Video player, Drive Ram, Cisco",Malam,0
"Fire wall, Virtual Machine, GNS3, Foto Editor, Music player, Fire fox, Video player, Drive Ram",Pagi,1
"Game, Video Editor, Left 4 dead",Pagi,1
"Fire fox, Cisco, IDE Programming, Left 4 dead",Pagi,0
"Foto Editor, Defender, File Manager, Microsoft Software, Game, Fire fox, Drive Disk, Virtual Machine",Siang,1
"Microsoft Office, Firewall, Cisco",Malam,1
"Game, Foto Editor, GNS3, File Manager, Drive Ram, Music player, Virtual Machine, Cisco",Siang,1
"Drive OS, Game, Defender, Foto Editor, IDE Programming, Virtual Machine, Fire fox, Drive Ram",Malam,1
"Microsoft Software, Drive Ram, Microsoft Office, Music player, File Manager",Malam,0
"Microsoft Office, Firewall, Cisco",Malam,1
"Foto Editor, Drive Gpu, Drive OS, Left 4 dead",Malam,0
"Chrome, Fire wall, Music player, Defender, Fire fox, Drive OS, Cisco, Foto Editor",Siang,1
"Drive OS, Fire fox, Left 4 dead, Fire wall, IDE Programming, Virtual Machine",Siang,0
"Virtual Machine, Microsoft Office, Foto Editor, Microsoft Software, Fire fox, Cisco, Defender, Left 4 dead",Pagi,1
"GNS3, Fire fox, Drive Gpu, Chrome, Game, Defender, Microsoft Office, Drive OS",Siang,1
"Drive Monitor, Music player, Video player",Malam,0
"Music player, Drive Monitor, Left 4 dead, Drive OS, Fire fox, Video Editor, Drive Disk, IDE Programming",Siang,1
"Left 4 dead, Cisco, Foto Editor, Game",Malam,0
"Game, Video Editor, Left 4 dead",Pagi,1
"File Manager, Drive Ram, Left 4 dead",Siang,0
"Drive Ram, Microsoft Office, Drive OS, Chrome, Left 4 dead, Microsoft Software",Siang,0
"Game, Video Editor, Left 4 dead",Pagi,1
"Microsoft Office, Firewall, Cisco",Malam,1
"Drive OS, Fire wall, Music player",Siang,1
"Game, Microsoft Software, Drive Monitor, Video Editor",Malam,0
"Video player, Drive Monitor, GNS3, File Manager",Siang,1
"Drive Disk, Video player, IDE Programming, Drive Monitor, Game, Music player",Siang,1
"Foto Editor, IDE Programming, Defender, Drive Gpu, Virtual Machine",Siang,1
"Foto Editor, Chrome, Drive Ram, IDE Programming",Siang,1
"Microsoft Software, Drive Monitor, Chrome, Setting",Pagi,0
"Video Editor, Music player, Foto Editor, Drive Monitor, Defender, Fire wall",Siang,0
"Microsoft Office, Firewall, Cisco",Malam,1
"Microsoft Software, GNS3, Virtual Machine, Foto Editor, Fire fox, Drive Disk, Left 4 dead, Music player",Siang,1
"Game, Video Editor, Left 4 dead",Pagi,1
"Game, Video Editor, Left 4 dead",Pagi,1
"Cisco, Fire wall, Setting",Siang,1
"Foto Editor, Drive OS, Video Editor",Malam,0
"Drive Monitor, Drive OS, Drive Gpu, Video Editor, Defender, Left 4 dead, IDE Programming, Drive Disk",Siang,1
"Microsoft Office, Firewall, Cisco",Malam,1
"Setting, File Manager, Virtual Machine",Malam,0
"Game, Video Editor, Left 4 dead",Pagi,1
"Microsoft Office, IDE Programming, File Manager",Malam,0
"Setting, Chrome, Microsoft Software, Video player, Drive Gpu, Drive Monitor",Malam,0
"Game, Video Editor, Left 4 dead",Pagi,1
"Video Editor, Game, Drive Ram, Video player, Virtual Machine, Microsoft Office, File Manager, Music player",Malam,1
"Game, Video Editor, Left 4 dead",Pagi,1
"Fire wall, GNS3, File Manager, Foto Editor, Video Editor",Siang,1
"Cisco, Foto Editor, Music player, Setting, IDE Programming",Malam,0
"Drive Gpu, Microsoft Office, Music player, Video Editor",Pagi,0
"Video player, File Manager, GNS3, Video Editor, Chrome, Fire fox, Microsoft Software, Cisco",Pagi,1
"Drive Monitor, Video player, Foto Editor",Siang,0
"Music player, Microsoft Office, Cisco, Virtual Machine",Siang,1
"Microsoft Software, Game, GNS3, Defender, Video Editor, Video player, Fire fox, Virtual Machine",Siang,1
"Drive Disk, Drive OS, Defender",Siang,0
"Microsoft Office, Firewall, Cisco",Malam,1
"Fire wall, Drive Monitor, Drive Gpu, Left 4 dead, Cisco, Drive Ram, Microsoft Software, IDE Programming",Malam,1
"Game, Drive Disk, Drive Gpu, Microsoft Office, Video player",Pagi,0
"Microsoft Office, Firewall, Cisco",Malam,1
"Video player, Game, Microsoft Software",Pagi,0
"Drive Disk, Drive Gpu, IDE Programming, GNS3, Drive OS, Fire wall, Microsoft Office, File Manager",Malam,1
"Drive Disk, Video Editor, Microsoft Office",Malam,0
"Cisco, Microsoft Software, Drive Gpu, Defender",Pagi,0
"Drive Monitor, Video Editor, Fire wall, Fire fox, Chrome",Siang,1
"Microsoft Office, Chrome, File Manager, Drive OS, Music player, Virtual Machine",Siang,0
"Drive Monitor, Music player, Drive Ram, Virtual Machine, GNS3, Game",Siang,1
"Setting, Video player, Video Editor",Siang,1
"Microsoft Office, Firewall, Cisco",Malam,1
"Drive Monitor, Fire wall, Game, Drive OS, Microsoft Software, Drive Disk",Malam,0
"Music player, Microsoft Software, IDE Programming, Defender, Fire wall, Left 4 dead",Siang,1
"Video Editor, Cisco, Setting, Left 4 dead",Siang,0
"Microsoft Office, Defender, Video Editor, Setting, Fire wall",Malam,0
"Video Editor, Drive Monitor, Virtual Machine, IDE Programming, Drive Ram, Left 4 dead, Video player, Defender",Pagi,1
"File Manager, Fire fox, Video player, Drive Gpu, Drive Disk",Siang,1
"Drive Monitor, Microsoft Software, Setting",Malam,0
"Microsoft Office, Firewall, Cisco",Malam,1
"Drive Monitor, Virtual Machine, Microsoft Office, Microsoft Software, Cisco, Video player, Drive Disk, Fire wall",Siang,1
"Drive OS, Setting, Fire fox, Music player, Defender, GNS3",Siang,0
"Game, Video Editor, Left 4 dead, Drive Disk, File Manager, Chrome, Drive OS, Fire wall",Malam,1
"Cisco, Drive Ram, Virtual Machine, GNS3, Fire fox, Music player",Pagi,0
"Music player, Drive OS, Video player, Drive Gpu, Drive Monitor, Setting, Fire wall, Defender",Siang,1
"GNS3, Drive OS, Music player, Drive Monitor",Malam,0
"Fire fox, Fire wall, Drive OS, Drive Monitor, GNS3, Microsoft Office",Pagi,0
"Video player, Chrome, Video Editor",Siang,0
"Video Editor, Music player, Microsoft Office",Malam,0
"GNS3, Drive Gpu, Microsoft Software",Pagi,0
"Game, Video Editor, Left 4 dead",Pagi,1
"Microsoft Software, Drive Disk, Drive OS",Siang,0
"Drive OS, Defender, Fire fox, Fire wall",Malam,0
"Microsoft Software, Virtual Machine, Cisco, Drive Monitor, IDE Programming, Drive Gpu, Defender, Music player",Siang,1
"Microsoft Office, Setting, Left 4 dead",Malam,0
"Fire fox, Drive Ram, Drive Monitor, Chrome, Defender",Siang,0
"Game, Drive Ram, Drive Gpu, Drive Monitor, Video player, Drive OS, File Manager, Drive Disk",Siang,1
"Microsoft Office, Firewall, Cisco",Malam,1
"Microsoft Office, Firewall, Cisco",Malam,1
"Drive Gpu, Microsoft Software, Game, IDE Programming, Virtual Machine, Drive OS, Setting, Foto Editor",Pagi,1
"Fire fox, Virtual Machine, Defender, Microsoft Office, Cisco",Pagi,0
"Game, Video Editor, Left 4 dead",Pagi,1
"Drive Monitor, Chrome, Foto Editor, IDE Programming",Siang,0
"Drive Disk, Microsoft Software, Fire fox, Drive Monitor, Video player, Fire wall, Chrome, Left 4 dead",Siang,1
"GNS3, Drive Ram, Chrome, Fire fox",Pagi,0
"Music player, Video player, Drive Ram, Defender, Microsoft Software, Drive Gpu, Drive Monitor, Game",Malam,1
"Microsoft Software, Microsoft Office, Chrome, File Manager, Cisco",Siang,0
"Game, Video Editor, Left 4 dead",Pagi,1
"Drive Gpu, Fire fox, Microsoft Office, File Manager, Music player, Chrome, Cisco, Virtual Machine",Pagi,1
"Left 4 dead, Foto Editor, Cisco, Fire wall, Setting, Game, Microsoft Software, IDE Programming",Siang,1
"Left 4 dead, Cisco, Drive Disk, Drive Gpu, GNS3",Pagi,0
"Game, Drive Gpu, Drive OS, Cisco, Fire fox, File Manager, Chrome, Drive Disk",Malam,1
"Drive Disk, Microsoft Office, Foto Editor, Drive Monitor",Malam,0
"Game, Video Editor, Left 4 dead",Pagi,1
"Microsoft Software, Cisco, IDE Programming",Malam,0
"Drive Gpu, Drive Monitor, IDE Programming",Pagi,0
"Virtual Machine, Fire wall, Defender, Chrome, Drive Ram, File Manager, Drive OS, Setting",Pagi,1
"Microsoft Office, Firewall, Cisco",Malam,1
"Music player, Microsoft Office, Drive OS, Drive Disk",Pagi,0
"Music player, Chrome, Microsoft Office, Video player",Siang,1
"Microsoft Office, Drive Monitor, File Manager, Video Editor, Defender",Malam,0
"Game, Video Editor, Left 4 dead",Pagi,1
"Drive Monitor, Left 4 dead, GNS3, Fire wall, Drive Disk, Drive Gpu, Game, Defender",Malam,1
"Foto Editor, GNS3, Music player, Fire wall, Video player, Microsoft Software, Drive Gpu, Cisco",Siang,1
"Drive Disk, Drive Monitor, Game, Microsoft Software",Malam,0
"Microsoft Office, Firewall, Cisco",Malam,1
"Foto Editor, File Manager, Cisco, Chrome",Siang,1
"Video Editor, GNS3, Virtual Machine, Foto Editor, Fire wall, Drive OS, Music player, Cisco",Pagi,1
"Drive Disk, Fire fox, Virtual Machine, GNS3, Drive Monitor, File Manager",Siang,0
"Drive Gpu, Fire fox, File Manager, Left 4 dead, Drive Disk, Music player",Siang,1
"Video Editor, Drive Gpu, Drive Disk, Game, Chrome, GNS3, Fire fox, Defender",Siang,1
"Drive Disk, Video player, Setting",Siang,0
"Virtual Machine, Music player, Game",Siang,1
"Game, Foto Editor, Fire fox, Drive Ram, Fire wall, Setting",Pagi,0
"Drive Disk, Setting, Music player, Foto Editor, Virtual Machine, Microsoft Software, IDE Programming, Cisco",Pagi,1
"Game, Video Editor, Left 4 dead",Pagi,1
"Microsoft Office, Firewall, Cisco",Malam,1
"Music player, Chrome, Video Editor, Setting, Video player",Malam,0
"Fire fox, Drive Gpu, File Manager, Music player, Drive Disk, Game",Malam,0
"Foto Editor, Drive OS, Cisco",Pagi,0
"Microsoft Office, Cisco, GNS3, Video player",Siang,0
"Defender, Drive Ram, Cisco, Drive OS, Drive Gpu, Chrome, Setting, Fire fox",Siang,1
"Drive Disk, Cisco, Defender, Chrome, Video player, Setting",Siang,1
"Drive Gpu, Left 4 dead, Drive Ram, Setting, Fire fox, Fire wall, Virtual Machine, Microsoft Software",Siang,1
"Music player, Defender, Game, Chrome, Foto Editor, Left 4 dead, Video Editor, Drive Monitor",Malam,1
"Drive OS, Video player, Drive Monitor, Cisco",Malam,0
"Microsoft Office, Chrome, Drive Monitor, Virtual Machine, Video player, IDE Programming, Left 4 dead, Music player",Siang,1
"Video Editor, Music player, Microsoft Software, Foto Editor, GNS3, Drive Gpu, Drive Disk, Drive Monitor",Malam,1
"Game, Video Editor, Left 4 dead",Pagi,1
"File Manager, Drive Monitor, Microsoft Software",Siang,1
"Cisco, Chrome, File Manager, Left 4 dead, Microsoft Office, Game",Pagi,0
"File Manager, Virtual Machine, Fire wall, Drive Disk, Chrome, Video player",Malam,0
"Video Editor, Left 4 dead, Microsoft Software, Drive OS, IDE Programming, File Manager, Drive Ram, Cisco",Pagi,1
"Foto Editor, Fire wall, Virtual Machine, Video player, Microsoft Office, Setting, Left 4 dead, Drive Gpu",Siang,1
"Game, Video Editor, Left 4 dead",Pagi,1
"Drive Disk, Foto Editor, Cisco, File Manager, Virtual Machine",Siang,0
"Video Editor, Setting, Virtual Machine, Fire fox, Drive OS, Drive Gpu",Siang,0
"Drive OS, Drive Ram, Drive Gpu, Drive Monitor, Foto Editor, Left 4 dead, Drive Disk, File Manager",Malam,1
"Defender, Drive Monitor, Setting, Video Editor, Video player, Drive OS, Fire fox, Virtual Machine",Siang,1
"Video Editor, Foto Editor, Drive Disk, Cisco, Defender, Setting",Siang,0
"Drive Gpu, Chrome, Drive Ram, Fire fox, Drive Monitor, Video Editor, Cisco, Left 4 dead",Malam,1
"Game, Video Editor, Left 4 dead",Pagi,1
"Setting, IDE Programming, Video player, Chrome, Fire wall, Drive Disk",Malam,0
"Microsoft Office, Firewall, Cisco",Malam,1
"Left 4 dead, Drive Monitor, Fire fox, Drive Disk, Virtual Machine, Cisco, Chrome, Setting",Pagi,1
"GNS3, Music player, Drive Gpu, Fire wall",Pagi,0
"Microsoft Office, Firewall, Cisco",Malam,1
"Game, Video Editor, Left 4 dead",Pagi,1
"Drive Disk, Foto Editor, Fire fox",Siang,0
"Cisco, Chrome, Music player, Video Editor",Siang,1
"Game, Video Editor, Left 4 dead",Pagi,1
"Fire wall, Video player, Microsoft Software, Drive OS, Foto Editor, Game, Chrome, Left 4 dead",Pagi,1
"Drive Disk, Virtual Machine, Video player",Pagi,0
"Left 4 dead, IDE Programming, Music player, Virtual Machine, Defender, Drive Disk, Drive Monitor, Chrome",Siang,1
"Virtual Machine, File Manager, Microsoft Office, Drive Gpu",Siang,0
"Fire wall, Drive Gpu, Microsoft Software, Drive OS, GNS3, Virtual Machine, Music player, Drive Monitor",Siang,1
"Game, Video Editor, Left 4 dead",Pagi,1
"Foto Editor, Fire fox, Cisco, IDE Programming",Malam,0
"Drive Ram, Music player, Chrome, Fire wall",Pagi,0
"Microsoft Office, Firewall, Cisco",Malam,1
"Game, File Manager, Microsoft Software, Drive Disk",Pagi,0
"Drive Gpu, Video player, Cisco, File Manager",Pagi,0
"Fire wall, Video Editor, Microsoft Software, Video player",Malam,0
"Microsoft Office, Foto Editor, Drive OS, Setting, Fire wall, Drive Disk, Defender, Fire fox",Malam,1
"Drive Ram, GNS3, File Manager, Fire fox, Drive Gpu, Left 4 dead, IDE Programming, Defender",Siang,1
"File Manager, Drive OS, Video player, Game, Virtual Machine, Foto Editor",Siang,1
"Game, Video Editor, Left 4 dead",Pagi,1
"Microsoft Software, Video player, Drive Gpu, Drive Monitor",Malam,0
"GNS3, Drive Ram, Microsoft Software, Game, Left 4 dead",Malam,0
"Fire fox, Drive OS, Game, Chrome, Setting, Music player, Fire wall, GNS3",Malam,1
"Game, Video Editor, Left 4 dead",Pagi,1
"Drive Monitor, Drive Ram, File Manager, Fire fox, GNS3, Microsoft Software",Malam,0
"Microsoft Office, GNS3, Game, Music player, File Manager",Siang,0
"Drive Gpu, Fire fox, File Manager, Fire wall, Game, Microsoft Office, Setting, IDE Programming",Siang,1
"IDE Programming, Drive Gpu, Drive OS, Fire wall, GNS3, Video player, File Manager, Chrome",Siang,1
"Microsoft Office, Firewall, Cisco",Malam,1
"Setting, Video Editor, Left 4 dead, Fire fox, Game, GNS3, Microsoft Office, Drive Disk",Malam,1
"Fire fox, Foto Editor, Video Editor, Fire wall, Microsoft Office, GNS3, Video player, Left 4 dead",Siang,1
"Microsoft Office, Firewall, Cisco",Malam,1
"Defender, Video Editor, Foto Editor, Fire wall",Pagi,0
"Cisco, Drive OS, Defender, Video player, Drive Monitor, Left 4 dead",Pagi,0
"Virtual Machine, Foto Editor, Music player, Cisco, Microsoft Office",Pagi,0
"Game, Drive Ram, Chrome, Fire fox, Drive Disk, IDE Programming, Drive Gpu, Left 4 dead",Malam,1
"Drive Disk, File Manager, Microsoft Software, Left 4 dead, Cisco, Fire wall, Drive Gpu, Music player",Malam,1
"Microsoft Office, Firewall, Cisco",Malam,1
"Game, Video Editor, Left 4 dead",Pagi,1
"Drive Monitor, Cisco, Drive OS, Drive Disk, GNS3",Siang,0
"GNS3, File Manager, Chrome, Game, Drive Gpu",Malam,0
"Drive Ram, Drive Disk, Drive Monitor, IDE Programming, Microsoft Office, Left 4 dead, Drive Gpu, Microsoft Software",Pagi,1
"Game, Video Editor, Left 4 dead",Pagi,1
"Defender, Foto Editor, Game, Drive Ram, Music player, IDE Programming",Pagi,0
"Microsoft Office, Drive Gpu, IDE Programming",Malam,0
"Drive OS, Microsoft Office, Drive Ram, Drive Disk, Left 4 dead",Malam,0
"Drive Gpu, Fire wall, Fire fox, File Manager",Malam,0
"Game, Video Editor, Left 4 dead",Pagi,1
"Microsoft Software, Video player, Chrome, IDE Programming, Drive Gpu, Foto Editor",Malam,0
"Drive Ram, Drive OS, GNS3, Drive Gpu, Video player",Siang,0
"Foto Editor, Drive Disk, File Manager, Chrome",Siang,1
"Left 4 dead, Game, Drive Ram",Malam,0
"Defender, GNS3, Foto Editor, Cisco, Virtual Machine, Setting",Pagi,0
"Game, Video Editor, Left 4 dead",Pagi,1
"Music player, Defender, Foto Editor, Setting, Microsoft Office, Fire fox, GNS3, Virtual Machine",Malam,1
"Microsoft Office, Firewall, Cisco",Malam,1
"Virtual Machine, Music player, Cisco, Fire fox, Setting, Left 4 dead, GNS3, Drive OS",Siang,1
"Drive Gpu, Microsoft Software, File Manager, Left 4 dead, Drive Monitor, Setting",Pagi,0
"Microsoft Office, Firewall, Cisco",Malam,1
"Drive Disk, Virtual Machine, Foto Editor, Drive Monitor, Chrome, Game, Drive Ram, Cisco",Malam,1
"Video player, Drive Monitor, Defender, Drive Gpu, Fire fox, Microsoft Software, Virtual Machine, IDE Programming",Malam,1
"Game, Video Editor, Left 4 dead",Pagi,1
"Drive Disk, Fire wall, Drive Gpu, Game, Drive Monitor, Video player, File Manager, Fire fox",Siang,1
"Game, Cisco, IDE Programming",Pagi,0
"GNS3, Defender, Foto Editor, Cisco, Video Editor",Pagi,0
"Drive Gpu, Foto Editor, Microsoft Office, Drive Monitor, IDE Programming, Video Editor, Cisco, Music player",Siang,1
"IDE Programming, Video Editor, Setting, Drive Monitor, Drive Ram, Game, GNS3, Drive Disk",Siang,1
"Microsoft Office, Firewall, Cisco",Malam,1
"Fire fox, IDE Programming, File Manager, Drive Ram, Drive Disk, Foto Editor, Music player, Chrome",Siang,1
"Drive Gpu, Drive Ram, Foto Editor",Pagi,0
"Fire fox, Drive Disk, Drive Monitor, Video Editor, Video player",Malam,0
"Setting, Foto Editor, Video Editor, Chrome, Virtual Machine",Malam,0
"Fire fox, Fire wall, Drive Disk",Malam,0
"Game, Virtual Machine, Setting, Drive Disk, Drive Gpu, Cisco, Left 4 dead, GNS3",Siang,1
"Microsoft Software, Chrome, Drive Monitor, Drive Gpu, Defender, Setting",Siang,0
"Microsoft Office, File Manager, Cisco",Siang,1
"Drive Ram, Drive Monitor, Left 4 dead, File Manager",Pagi,0
"Drive Monitor, File Manager, Cisco, Drive Ram, Foto Editor, Drive Disk, Setting, Game",Siang,1
"Microsoft Office, Firewall, Cisco",Malam,1
"Drive Gpu, Microsoft Software, IDE Programming, Setting",Siang,0
"Cisco, Virtual Machine, Setting, GNS3, File Manager, Drive Disk, Foto Editor, Music player",Malam,1
"Virtual Machine, Video player, Drive Monitor, Defender, Microsoft Office, Microsoft Software, Drive OS, Music player",Malam,1
"Game, Video Editor, Left 4 dead",Pagi,1
"Microsoft Office, Firewall, Cisco",Malam,1
"Foto Editor, Video player, Left 4 dead, Cisco, Microsoft Office, Drive Monitor, File Manager, Fire fox",Siang,1
"GNS3, Fire wall, Game, Cisco, Fire fox, Drive Disk",Pagi,0
"File Manager, Drive Gpu, GNS3, Setting",Pagi,0
"Chrome, Fire fox, Microsoft Office, Defender, Cisco, IDE Programming",Malam,0
"Defender, Music player, Fire fox, Video Editor, Drive Disk, Fire wall, Left 4 dead, Chrome",Pagi,1
"Fire wall, Virtual Machine, Drive Ram, Microsoft Software, Foto Editor, Music player, Drive Gpu, Drive Disk",Malam,1
"Drive Disk, Foto Editor, Drive Monitor, Virtual Machine, GNS3, Cisco, Fire wall, Chrome",Siang,1
"Microsoft Office, Firewall, Cisco",Malam,1
"Chrome, Virtual Machine, Fire wall, Drive OS, Video player, Fire fox, Drive Ram, Drive Gpu",Pagi,1
"Drive Ram, File Manager, Microsoft Office, Fire wall",Siang,0
"File Manager, Chrome, Game, GNS3, Foto Editor, Drive OS",Pagi,0
"Drive Gpu, Drive Disk, Defender, Cisco, Drive Ram, Fire wall, Drive OS, Setting",Pagi,1
"Game, Video Editor, Left 4 dead",Pagi,1
"Chrome, IDE Programming, Defender, Fire fox, Setting, File Manager, GNS3, Drive Gpu",Pagi,1
"Drive Monitor, GNS3, Defender, Left 4 dead, Drive Ram, Chrome, Music player, Cisco",Malam,1
"Foto Editor, Video player, Game, Drive Gpu, Video Editor, Defender, Virtual Machine, Microsoft Office",Pagi,1
"Microsoft Software, Drive Monitor, Drive Ram",Malam,0
"Microsoft Software, Microsoft Office, Chrome, Setting, Music player",Pagi,0
"Video player, Music player, Drive OS, Foto Editor",Malam,0
"Music player, Drive Disk, IDE Programming, Game, Video player, Setting",Pagi,0
"Virtual Machine, Setting, Cisco, Game, Fire wall",Pagi,0
"Foto Editor, GNS3, Video player",Siang,0
"Foto Editor, Drive Disk, Music player, Game, File Manager, Cisco, Left 4 dead, Defender",Malam,1
"Foto Editor, Game, Chrome, Music player, Setting, Fire fox",Malam,0
"Foto Editor, GNS3, Left 4 dead, Game, File Manager, Music player, Drive Monitor, Setting",Siang,1
"Drive Monitor, Chrome, Fire wall",Siang,0
"Microsoft Office, Firewall, Cisco",Malam,1
"Microsoft Office, Firewall, Cisco",Malam,1
"Virtual Machine, Cisco, Left 4 dead, Microsoft Office",Siang,1
"Microsoft Software, Drive Ram, Setting, Foto Editor",Malam,0
"Game, Video Editor, Left 4 dead",Pagi,1
"Foto Editor, Microsoft Office, Drive Ram, Drive Gpu, Cisco, Left 4 dead, Drive OS, Defender",Pagi,1
"File Manager, Fire wall, Video Editor, Video player, Chrome, Drive Monitor, Microsoft Software, Music player",Pagi,1
"Drive Ram, IDE Programming, Drive Disk",Pagi,0
"Video player, GNS3, Drive Ram, Microsoft Office, Microsoft Software, Cisco, Fire fox, Virtual Machine",Malam,1
"Drive Disk, Microsoft Software, Drive Monitor",Malam,0
"Chrome, Fire wall, Fire fox",Malam,0
"IDE Programming, Drive Monitor, Setting, Drive Ram",Siang,0
"Game, Video Editor, Left 4 dead",Pagi,1
"File Manager, Drive Monitor, Foto Editor, Left 4 dead, Drive OS, Setting, Fire wall, Drive Disk",Siang,1
"File Manager, Music player, Virtual Machine, Video Editor, Drive Ram, Left 4 dead, Drive Disk, Setting",Malam,1
"Foto Editor, File Manager, Drive Disk, GNS3, Music player, Drive Ram",Siang,1
"Microsoft Office, Firewall, Cisco",Malam,1
"File Manager, Drive Monitor, Fire fox",Pagi,0
"IDE Programming, Fire fox, Fire wall, Cisco, Left 4 dead",Malam,0
"Foto Editor, Game, IDE Programming, Microsoft Office, Video Editor, Drive Monitor, Drive Disk, GNS3",Pagi,1
"File Manager, Cisco, Fire wall, Foto Editor, Drive OS, Drive Monitor, Setting, Virtual Machine",Malam,1
"Virtual Machine, Fire fox, IDE Programming",Pagi,0
"Drive Disk, GNS3, Chrome, Game, Defender, Video Editor, IDE Programming, Setting",Malam,1
"Game, Drive Disk, Foto Editor, Video player, Drive Monitor",Malam,0
"Setting, GNS3, Fire fox, Drive Disk",Siang,1
"Video player, Music player, Fire fox, IDE Programming, Microsoft Office, Left 4 dead, Game, Drive Ram",Malam,1
"Drive Ram, Fire wall, Drive Gpu, Fire fox",Malam,0
"Fire wall, Music player, Virtual Machine",Siang,0
"Drive Monitor, Drive Gpu, Virtual Machine, Chrome, IDE Programming, Left 4 dead",Pagi,0
"Drive OS, Fire fox, Drive Disk, Music player, Video Editor, Setting, Microsoft Software, Foto Editor",Siang,1
"Video player, Chrome, Cisco, File Manager, Fire fox",Siang,1
"Game, Video Editor, Left 4 dead",Pagi,1
"Game, Video Editor, Left 4 dead",Pagi,1
"Video player, File Manager, Fire fox, Microsoft Software",Siang,0
"IDE Programming, Virtual Machine, File Manager, Drive Monitor, Drive OS",Malam,0
"Drive OS, Video player, Drive Disk, Music player, Microsoft Software, IDE Programming, Drive Ram, Foto Editor",Malam,1
"File Manager, Game, Drive Monitor, Virtual Machine, Fire fox",Malam,0
"GNS3, Drive Monitor, Drive OS, Virtual Machine, Drive Disk",Pagi,0
"Microsoft Office, Firewall, Cisco",Malam,1
"Foto Editor, Video Editor, Fire fox, Drive OS, Left 4 dead, Drive Monitor",Pagi,0
"Drive Ram, IDE Programming, Defender, Cisco, Chrome, Microsoft Software, Setting, Drive Monitor",Pagi,1
"Microsoft Software, Setting, Music player, IDE Programming",Siang,0
"Drive Gpu, Microsoft Office, IDE Programming",Malam,0
"Microsoft Software, Drive Ram, IDE Programming",Malam,0
"Chrome, Left 4 dead, Microsoft Office, Fire wall, Drive Gpu",Malam,0
"Defender, Microsoft Office, Drive OS",Malam,0
"Music player, Microsoft Office, Setting, Fire wall, Drive Gpu, File Manager",Pagi,0
"Video player, Cisco, Foto Editor, Drive Gpu, Drive OS, Drive Monitor",Malam,0
"Setting, Chrome, Defender, Drive Disk",Malam,0
"Game, Video Editor, Left 4 dead",Pagi,1
"Drive Ram, Left 4 dead, Drive Disk, Video player",Pagi,0
"GNS3, IDE Programming, Drive Disk, Drive OS",Siang,0
"Game, Video Editor, Left 4 dead",Pagi,1
"Game, Video Editor, Left 4 dead",Pagi,1
"Fire fox, Music player, Drive Ram, Microsoft Office, Virtual Machine, Game, GNS3, Foto Editor",Pagi,1
"Game, Video Editor, Left 4 dead",Pagi,1
"Cisco, Virtual Machine, Left 4 dead",Siang,0
"Drive Disk, Chrome, Video Editor, Fire wall, Microsoft Office, Video player, File Manager, Cisco",Malam,1
"Virtual Machine, Microsoft Office, Fire wall",Pagi,0
"Setting, Left 4 dead, Virtual Machine",Pagi,0
"Fire fox, File Manager, Drive Monitor, IDE Programming, Foto Editor, Music player, Drive Gpu, Fire wall",Malam,1
"Virtual Machine, Drive OS, Fire wall, Left 4 dead, Video player, Drive Monitor",Pagi,0
"Fire fox, IDE Programming, Game, Video Editor, Setting, Drive Gpu, Defender, Fire wall",Malam,1
"Fire wall, Foto Editor, Game",Malam,0
"Microsoft Office, GNS3, Virtual Machine, Setting, IDE Programming",Pagi,0
"Game, Video Editor, Left 4 dead",Pagi,1
"Foto Editor, Chrome, GNS3, Fire fox, Music player, Left 4 dead, Drive OS, Defender",Siang,1
"Defender, Cisco, GNS3",Siang,0
"Left 4 dead, Drive Disk, Video Editor, Drive OS, IDE Programming, Drive Ram, Virtual Machine, Drive Monitor",Malam,1
"Drive Ram, Fire wall, Drive Gpu, Virtual Machine, File Manager, Drive Monitor, Cisco, Video player",Pagi,1
